query,company,url
ready mix concrete companies Canada,Ready-Mix Concrete,https://www.lafarge.ca/en/concreteready-mix
ready mix concrete companies Canada,Canadian Ready Mix: Ready Mix Concrete In Hamilton| Home,https://www.readymixconcretedelivery.ca/
ready mix concrete companies Canada,RMC Ready-Mix: Home,https://www.rmcreadymix.ca/
ready mix concrete companies Canada,The Miller Group | Ready Mix Concrete,https://www.millergroup.ca/products/ready-mix-concrete
ready mix concrete companies Canada,Active Members,https://www.rmcao.org/active-members/
ready mix concrete companies Canada,Cambridge Ready Mix,https://www.lafarge.ca/en/rife-road
ready mix concrete companies Canada,Cement and concrete in Canada,https://www.heidelbergmaterials.com/en/company/group-areas-and-countries/north-america/canada
ready mix concrete companies Canada,"Fenelon Falls, Ontario Ready-Mix Concrete Facility",https://www.thesunrockgroup.com/locations/fenelon-falls/
ready mix concrete companies Canada,"Full-Service, Diversified Ready-Mix Concrete Services",https://plpredimix.com/
concrete batch plant operators Canada,Concrete Batching Plant Jobs (with Salaries),https://ca.indeed.com/q-concrete-batching-plant-jobs.html
concrete batch plant operators Canada,concrete plant operator jobs in canada,https://ca.indeed.com/q-concrete-plant-operator-l-canada-jobs.html
concrete batch plant operators Canada,Concrete Batch Plant Operator - Cement Manufacturing in ...,https://www.jobbank.gc.ca/marketreport/jobs/8954/CA;jsessionid=060CD9047D0690DF1101790E974677EA.jobsearch77
concrete batch plant operators Canada,10 Concrete Plant Operator jobs in Canada,https://ca.linkedin.com/jobs/concrete-plant-operator-jobs
concrete batch plant operators Canada,$18-$43/hr Concrete Batch Plant Operator Jobs in Ontario,https://www.ziprecruiter.com/Jobs/Concrete-Batch-Plant-Operator/--in-Ontario
concrete batch plant operators Canada,"60 concrete plant operator jobs in Canada, June 2025","https://www.glassdoor.ca/Job/canada-concrete-plant-operator-jobs-SRCH_IL.0,6_IN3_KO7,30.htm"
concrete batch plant operators Canada,Concrete Batch Plant Operator - Cement Manufacturing in ...,https://www.jobbank.gc.ca/marketreport/occupation/8954/ca;jsessionid=25625C62F89DBE5CBEC739A5EEAE3D08.jobsearch77
concrete batch plant operators Canada,17 Best batching plant jobs in canada (Hiring Now!),https://www.workopolis.com/search?q=batching+plant&l=canada
concrete batch plant operators Canada,$18-$38/hr Concrete Batch Plant Operator Jobs in Alberta,https://www.ziprecruiter.com/Jobs/Concrete-Batch-Plant-Operator/--in-Alberta
concrete batch plant operators Canada,Salary: Concrete Batching Plant Operator in Canada 2025,"https://www.glassdoor.ca/Salaries/concrete-batching-plant-operator-salary-SRCH_KO0,32.htm"
precast concrete manufacturers Canada,Precast Concrete Panels,https://www.lafarge.ca/en/precast-concrete
precast concrete manufacturers Canada,Canadian Precast/Prestressed Concrete Institute,https://www.cpci.ca/en
precast concrete manufacturers Canada,Concast Pipe Inc - Precast Concrete Products - Home -,https://www.concastpipe.com/
precast concrete manufacturers Canada,Top 10 Precast Concrete Companies in Canada - Knowledge,https://www.precastconcretemagnet.com/info/top-10-precast-concrete-companies-in-canada-77210759.html
precast concrete manufacturers Canada,Precast Concrete Products Manufacturers Company in Ontario ...,https://actonprecast.com/
precast concrete manufacturers Canada,Structural Precast,https://structuralprecast.com/
precast concrete manufacturers Canada,Producer Members,https://www.cpci.ca/en/members/producer
precast concrete manufacturers Canada,Canadian Precast Ltd.: Precast Concrete Solutions,https://www.cancast.ca/
precast concrete manufacturers Canada,Coldstream Concrete | Precast Concrete Company Ontario,https://coldstreamconcrete.com/
civil contractors concrete Canada,PCL Construction,https://www.pcl.com/us/en
civil contractors concrete Canada,Concrete Restoration & Protection Services in Canada & the ...,https://www.vector-construction.com/
civil contractors concrete Canada,Construction | Lafarge Canada,https://www.lafarge.ca/en/lafarge-construction
civil contractors concrete Canada,Heavy Civil Construction & Installation -,https://www.michels.us/michels-canada/solutions/heavy-civil-construction-installation/
civil contractors concrete Canada,Bird Construction,https://www.bird.ca/
civil contractors concrete Canada,Civil Construction,https://servcocanada.com/civil-construction/
civil contractors concrete Canada,Civil Construction - Complex Concrete Works,https://tceont.com/what-we-do/civil-construction/
civil contractors concrete Canada,CIF Construction | Concrete Contractor - Prince George BC,https://www.cifcon.com/home/
civil contractors concrete Canada,Civil Contracting,https://cimsltd.com/civil-contracting/
civil contractors concrete Canada,Dufferin Construction: Home,https://dufferinconstruction.com/
concrete recycling companies Canada,From Cradle to Cradle: Lafarge's Concrete Recycling ...,https://www.lafarge.ca/en/cradle-cradle-lafarges-concrete-recycling-initiative
concrete recycling companies Canada,Concrete recycling: driving circularity in Canada,https://www.heidelbergmaterials.com/en/pr-2025-06-05
concrete recycling companies Canada,Concrete Recycling,https://rakowskigroup.com/rakowski-recycling/concrete-recycling/
concrete recycling companies Canada,Bayview Group: Bayview Construction/Rocky Road Recycling ...,https://bayviewconstruction.ca/
concrete recycling companies Canada,CONCRETE RECYCLING PLANT,https://elkoncanada.ca/products/concrete-recycling-plants/concrete-recycling-plant/
concrete recycling companies Canada,Recycled Concrete,https://www.burnco.com/products/recycled-concrete/
concrete recycling companies Canada,On-Site Concrete Crushing & Recycling,https://priestly.ca/services-solutions/concrete-crushing/
concrete recycling companies Canada,Material Recycling,https://rakowskigroup.com/rakowski-recycling/
concrete recycling companies Canada,Concrete Recycling in Prince George,https://www.recyclecorp.ca/concrete
ready mix concrete companies USA,"Ready Mix Concrete Solutions - Specialty, and Sustainable ...",https://www.cemexusa.com/products/ready-mix-concrete
ready mix concrete companies USA,Home - Argos USA | Cement and Ready Mix Concrete Company,https://argos-us.com/
ready mix concrete companies USA,Top 11 Green Ready-Mix Concrete Producers in North ...,https://www.giatecscientific.com/education/top-11-ready-mix-concrete-producers-in-north-america/
ready mix concrete companies USA,Ready-Mix Concrete Manufacturing in the US - Market ...,https://www.ibisworld.com/united-states/industry/ready-mix-concrete-manufacturing/552/
ready mix concrete companies USA,Ready Mix USA | Concrete right. The first time. On time.,https://readymixusa.com/
ready mix concrete companies USA,Concrete,https://www.holcim.us/concrete
ready mix concrete companies USA,Ready Mixed Concrete,https://www.crhamericasmaterials.com/products-and-services/ready-mixed-concrete
ready mix concrete companies USA,"SRM Concrete | Quality Concrete, Unmatched Service",https://www.smyrnareadymix.com/
ready mix concrete companies USA,GCC: Homepage,https://www.gcc.com/
concrete batch plant operators USA,"Concrete Batch Plant Operator Jobs, Employment",https://www.indeed.com/q-concrete-batch-plant-operator-jobs.html
concrete batch plant operators USA,56 Concrete batching plant operator jobs in United States,"https://www.glassdoor.com/Job/us-concrete-batching-plant-operator-jobs-SRCH_IL.0,2_IN1_KO3,35.htm"
concrete batch plant operators USA,Batch Plant Operator,https://www.pcsa.org/about-us/10-pcsa/certification/25-batch-plant-operator
concrete batch plant operators USA,10 Concrete Batching Plant Manufacturers in 2025,https://us.metoree.com/categories/100163/
concrete batch plant operators USA,Concrete Batch Plant Operator Jobs (NOW HIRING),https://www.ziprecruiter.com/Jobs/Concrete-Batch-Plant-Operator
concrete batch plant operators USA,Concrete Batch Plant Operator,https://centuryci.com/job/concrete-batch-plant-operator/
concrete batch plant operators USA,concrete batch plant operator jobs,https://www.simplyhired.com/search?q=concrete+batch+plant+operator
concrete batch plant operators USA,Batch Plant Operator,https://careers.heidelbergmaterials.us/watertown-ny/batch-plant-operator/42CE2F62F13643789A59E3D00498E1CC/job/
concrete batch plant operators USA,3 results for Concrete Batch Plant Operator Jobs in United States,https://career.io/jobs/q-concrete-batch-plant-operator-l-united-states
concrete batch plant operators USA,Concrete Batch Plant Operator Jobs Near Me,https://www.ziprecruiter.com/n/Concrete-Batch-Plant-Operator-Jobs-Near-Me
precast concrete manufacturers USA,TOP 100 AMERICA'S PRECAST CONCRETE PRODUCERS,https://www.precastconcretemagnet.com/info/top-100-america-s-precast-concrete-producers-76970891.html
precast concrete manufacturers USA,Precast Manufacturing Company: HOME,https://www.precastmfgco.com/
precast concrete manufacturers USA,Precast Concrete Solutions | Fabcon,https://fabconprecast.com/
precast concrete manufacturers USA,Precast Concrete Manufacturers Association - Homepage,https://precastcma.org/
precast concrete manufacturers USA,USA Precast Concrete | Precast Concrete Products,https://usaprecast.com/
precast concrete manufacturers USA,Serving the Precast Concrete Industry | NPCA,https://precast.org/
precast concrete manufacturers USA,Top 10 Precast Concrete Companies - 2024,https://precast-concrete.constructionbusinessreview.com/vendors/top-precast-concrete-companies.html
precast concrete manufacturers USA,Tindall Corporation | Precast Concrete Solutions,https://tindallcorp.com/
precast concrete manufacturers USA,Gate Precast Concrete | Architectural Precast Concrete,https://gateprecast.com/
civil contractors concrete USA,Baker Construction: Home - Concrete Construction Company,https://bakerconstruction.com/
civil contractors concrete USA,Civil Construction Contractors: Home,https://civil-construction.com/
civil contractors concrete USA,"Gregory Construction | Concrete Results, Civil Solutions",https://gregoryconstruction.com/
civil contractors concrete USA,Barriere Construction | Civil Construction Services,https://www.barriere.com/
civil contractors concrete USA,Civil contractors - Argos USA | Cement and Ready Mix ...,https://argos-us.com/who-we-serve/solutions-for-civil-contractors/
civil contractors concrete USA,The 10 Biggest Concrete Contractors in the U.S. in 2023,https://www.levelset.com/news/biggest-concrete-contractors/
civil contractors concrete USA,Home | Gilchrist Construction Company,https://www.gilchristconstruction.com/
civil contractors concrete USA,American Society of Concrete Contractors,https://ascconline.org/
civil contractors concrete USA,Top 34 Concrete Contractors in 2025,https://www.siteline.com/blog/top-concrete-contractors
civil contractors concrete USA,DPR Construction: Homepage,https://www.dpr.com/
concrete recycling companies USA,reCO₂ver Concrete Recycling,https://www.sika.com/en/knowledge-hub/reco2ver-concrete-recycling.html
concrete recycling companies USA,On-Site Concrete Recycling,https://www.rubblemaster.com/us/materials/recycling
concrete recycling companies USA,World's first fully recycled concrete building,https://www.holcim.com/who-we-are/our-stories/fully-recycled-concrete-building
concrete recycling companies USA,Atlanta Concrete Recycling Center,https://concreterecyclingofatlanta.com/
concrete recycling companies USA,Recycled Concrete Aggregates,https://www.heidelbergmaterials.us/products/aggregates/recycled-concrete-aggregates
concrete recycling companies USA,"Concrete Recycling Inc - Stone Recycling in Spartanburg, SC",https://concreterecyclingsc.com/
concrete recycling companies USA,Top 20 Aggregates Producers in the US List,https://www.wastetodaymagazine.com/news/top-20-recycled-aggregates-producers-united-states-2020/
concrete recycling companies USA,Concrete Recycling - Diligent Services,https://www.mydiligent.com/concrete-recycling/
concrete recycling companies USA,CRDC Global | Greening concrete & asphalt with RESIN8™,https://www.crdc.global/
concrete recycling companies USA,Metro Green Recycling,https://www.mgrecycle.com/
