company,domain
Ready-Mix Concrete,lafarge.ca
Ready-Mix Concrete,lafarge.ca
Ready-Mix Concrete,lafarge.ca
Ready-Mix Concrete,lafarge.ca
Ready-Mix Concrete,lafarge.ca
The Miller Group | Ready Mix Concrete,millergroup.ca
Cement and concrete in Canada,heidelbergmaterials.com
Cement and concrete in Canada,heidelbergmaterials.com
Cambridge Ready Mix,lafarge.ca
Cambridge Ready Mix,lafarge.ca
Cambridge Ready Mix,lafarge.ca
Cambridge Ready Mix,lafarge.ca
Cambridge Ready Mix,lafarge.ca
"Fenelon Falls, Ontario Ready-Mix Concrete Facility",thesunrockgroup.com
Top 10 Precast Concrete Companies in Canada - Knowledge,precastconcretemagnet.com
Top 10 Precast Concrete Companies in Canada - Knowledge,precastconcretemagnet.com
COMPANY,elkoncanada.ca
COMPANY,elkoncanada.ca
READY-MIX CONCRETE BATCHING PLANTS,elkoncanada.ca
READY-MIX CONCRETE BATCHING PLANTS,elkoncanada.ca
Precast Concrete Panels,lafarge.ca
Precast Concrete Panels,lafarge.ca
Precast Concrete Panels,lafarge.ca
Precast Concrete Panels,lafarge.ca
Precast Concrete Panels,lafarge.ca
Canadian Precast/Prestressed Concrete Institute,cpci.ca
Canadian Precast/Prestressed Concrete Institute,cpci.ca
Precast Concrete Products Manufacturers Company in Ontario ...,actonprecast.com
Producer Members,cpci.ca
Producer Members,cpci.ca
Coldstream Concrete | Precast Concrete Company Ontario,coldstreamconcrete.com
Construction | Lafarge Canada,lafarge.ca
Construction | Lafarge Canada,lafarge.ca
Construction | Lafarge Canada,lafarge.ca
Construction | Lafarge Canada,lafarge.ca
Construction | Lafarge Canada,lafarge.ca
Bird Construction,bird.ca
Dufferin Construction: Home,dufferinconstruction.com
Civil Contracting,cimsltd.com
From Cradle to Cradle: Lafarge's Concrete Recycling ...,lafarge.ca
From Cradle to Cradle: Lafarge's Concrete Recycling ...,lafarge.ca
From Cradle to Cradle: Lafarge's Concrete Recycling ...,lafarge.ca
From Cradle to Cradle: Lafarge's Concrete Recycling ...,lafarge.ca
From Cradle to Cradle: Lafarge's Concrete Recycling ...,lafarge.ca
Concrete recycling: driving circularity in Canada,heidelbergmaterials.com
Concrete recycling: driving circularity in Canada,heidelbergmaterials.com
Eco-Agg Concrete Recycling,recycleconcrete.ca
On-Site Concrete Crushing & Recycling,priestly.ca
Concrete Recycling,concretealberta.ca
Calgary Aggregate Recycling: Home,calgaryaggregate.com
"Ready Mix Concrete Solutions - Specialty, and Sustainable ...",cemexusa.com
Home - Argos USA | Cement and Ready Mix Concrete Company,argos-us.com
Home - Argos USA | Cement and Ready Mix Concrete Company,argos-us.com
"Ready-mix Concrete, Sand, Stone and Gravel throughout the ...",chaneyenterprises.com
Silvi Materials: Ready-Mix Concrete Suppliers,silvi.com
Ready Mixed Concrete,crhamericasmaterials.com
Ready Mix USA | Concrete right. The first time. On time.,readymixusa.com
TOP 100 AMERICA'S PRECAST CONCRETE PRODUCERS,precastconcretemagnet.com
TOP 100 AMERICA'S PRECAST CONCRETE PRODUCERS,precastconcretemagnet.com
Precast Concrete Solutions | Fabcon,fabconprecast.com
USA Precast Concrete | Precast Concrete Products,usaprecast.com
Top 10 Precast Concrete Companies - 2024,precast-concrete.constructionbusinessreview.com
Lindsay Precast | Home | North American Concrete and Steel ...,lindsayprecast.com
Central Civil Construction Medley Florida 305-888-3344,centralcivil.com
Baker Construction: Home - Concrete Construction Company,bakerconstruction.com
Civil contractors - Argos USA | Cement and Ready Mix ...,argos-us.com
Civil contractors - Argos USA | Cement and Ready Mix ...,argos-us.com
Civil Construction Contractors: Home,civil-construction.com
On-Site Concrete Recycling,rubblemaster.com
World's first fully recycled concrete building,holcim.com
Argent Materials,argentmaterials.com
Concrete Recycling - Diligent Services,mydiligent.com
West Region,arcosacrushedconcrete.com
Recycled Materials - Asphalt Concrete,graniteconstruction.com
