company,domain,source_url,gpt_score,news_signals,job_signals
Ready-Mix Concrete,lafarge.ca,https://www.lafarge.ca/en/concreteready-mix,YES,0,4
RMC Ready-Mix: Home,rmcreadymix.ca,https://www.rmcreadymix.ca/,YES,0,5
Canadian Ready Mix: Ready Mix Concrete In Hamilton| Home,readymixconcretedelivery.ca,https://www.readymixconcretedelivery.ca/,YES,0,4
The Miller Group | Ready Mix Concrete,millergroup.ca,https://www.millergroup.ca/products/ready-mix-concrete,YES,0,5
Cement and concrete in Canada,heidelbergmaterials.com,https://www.heidelbergmaterials.com/en/company/group-areas-and-countries/north-america/canada,YES,0,4
Cambridge Ready Mix,lafarge.ca,https://www.lafarge.ca/en/rife-road,YES,0,5
"Fenelon Falls, Ontario Ready-Mix Concrete Facility",thesunrockgroup.com,https://www.thesunrockgroup.com/locations/fenelon-falls/,YES,0,5
Top 10 Precast Concrete Companies in Canada - Knowledge,precastconcretemagnet.com,https://www.precastconcretemagnet.com/info/top-10-precast-concrete-companies-in-canada-77210759.html,YES,0,4
COMPANY,elkoncanada.ca,https://elkoncanada.ca/company/,YES,0,3
READY-MIX CONCRETE BATCHING PLANTS,elkoncanada.ca,https://elkoncanada.ca/products/ready-mix-concrete-batching-plants/,YES,0,4
Precast Concrete Panels,lafarge.ca,https://www.lafarge.ca/en/precast-concrete,YES,0,4
Canadian Precast/Prestressed Concrete Institute,cpci.ca,https://www.cpci.ca/en,YES,0,5
Concast Pipe Inc - Precast Concrete Products - Home -,concastpipe.com,https://www.concastpipe.com/,YES,0,5
Precast Concrete Products Manufacturers Company in Ontario ...,actonprecast.com,https://actonprecast.com/,YES,0,4
Structural Precast,structuralprecast.com,https://structuralprecast.com/,YES,0,5
Canadian Precast Ltd.: Precast Concrete Solutions,cancast.ca,https://www.cancast.ca/,YES,0,5
Producer Members,cpci.ca,https://www.cpci.ca/en/members/producer,YES,0,5
Coldstream Concrete | Precast Concrete Company Ontario,coldstreamconcrete.com,https://coldstreamconcrete.com/,YES,0,4
Construction | Lafarge Canada,lafarge.ca,https://www.lafarge.ca/en/lafarge-construction,YES,0,5
Bird Construction,bird.ca,https://www.bird.ca/,YES,0,0
Civil Construction - Complex Concrete Works,tceont.com,https://tceont.com/what-we-do/civil-construction/,YES,0,0
Dufferin Construction: Home,dufferinconstruction.com,https://dufferinconstruction.com/,YES,0,0
CIF Construction | Concrete Contractor - Prince George BC,cifcon.com,https://www.cifcon.com/home/,YES,0,0
Civil Contracting,cimsltd.com,https://cimsltd.com/civil-contracting/,YES,0,0
From Cradle to Cradle: Lafarge's Concrete Recycling ...,lafarge.ca,https://www.lafarge.ca/en/cradle-cradle-lafarges-concrete-recycling-initiative,YES,0,0
Concrete recycling: driving circularity in Canada,heidelbergmaterials.com,https://www.heidelbergmaterials.com/en/pr-2025-06-05,YES,0,0
Concrete Recycling in Prince George,recyclecorp.ca,https://www.recyclecorp.ca/concrete,YES,0,0
Eco-Agg Concrete Recycling,recycleconcrete.ca,https://recycleconcrete.ca/,YES,0,0
On-Site Concrete Crushing & Recycling,priestly.ca,https://priestly.ca/services-solutions/concrete-crushing/,YES,0,0
Asphalt & Concrete Recycling - Heavy Equipment Supply ...,frontline-machinery.com,https://frontline-machinery.com/our-industries/asphalt-concrete-recycling/,YES,0,0
Concrete Recycling,concretealberta.ca,https://www.concretealberta.ca/sustainability/concrete-recycling,YES,0,0
Calgary Aggregate Recycling: Home,calgaryaggregate.com,https://calgaryaggregate.com/,YES,0,0
"Ready Mix Concrete Solutions - Specialty, and Sustainable ...",cemexusa.com,https://www.cemexusa.com/products/ready-mix-concrete,YES,0,0
Home - Argos USA | Cement and Ready Mix Concrete Company,argos-us.com,https://argos-us.com/,YES,0,0
"Ready-mix Concrete, Sand, Stone and Gravel throughout the ...",chaneyenterprises.com,https://www.chaneyenterprises.com/,YES,0,0
Silvi Materials: Ready-Mix Concrete Suppliers,silvi.com,https://www.silvi.com/,YES,0,0
Ready Mixed Concrete,crhamericasmaterials.com,https://www.crhamericasmaterials.com/products-and-services/ready-mixed-concrete,YES,0,0
Ready Mix USA | Concrete right. The first time. On time.,readymixusa.com,https://readymixusa.com/,YES,0,0
TOP 100 AMERICA'S PRECAST CONCRETE PRODUCERS,precastconcretemagnet.com,https://www.precastconcretemagnet.com/info/top-100-america-s-precast-concrete-producers-76970891.html,YES,0,0
Precast Manufacturing Company: HOME,precastmfgco.com,https://www.precastmfgco.com/,YES,0,0
Precast Concrete Solutions | Fabcon,fabconprecast.com,https://fabconprecast.com/,YES,0,0
USA Precast Concrete | Precast Concrete Products,usaprecast.com,https://usaprecast.com/,YES,0,0
Top 10 Precast Concrete Companies - 2024,precast-concrete.constructionbusinessreview.com,https://precast-concrete.constructionbusinessreview.com/vendors/top-precast-concrete-companies.html,YES,0,0
Lindsay Precast | Home | North American Concrete and Steel ...,lindsayprecast.com,https://www.lindsayprecast.com/,YES,0,0
Gate Precast Concrete | Architectural Precast Concrete,gateprecast.com,https://gateprecast.com/,YES,0,0
Central Civil Construction Medley Florida 305-888-3344,centralcivil.com,https://www.centralcivil.com/,YES,0,0
Baker Construction: Home - Concrete Construction Company,bakerconstruction.com,https://bakerconstruction.com/,YES,0,0
Civil contractors - Argos USA | Cement and Ready Mix ...,argos-us.com,https://argos-us.com/who-we-serve/solutions-for-civil-contractors/,YES,0,0
"Gregory Construction | Concrete Results, Civil Solutions",gregoryconstruction.com,https://gregoryconstruction.com/,YES,0,0
Civil - UAG Construction Miami Florida,uagconstruction.com,https://uagconstruction.com/civil/,YES,0,0
Civil Construction Contractors: Home,civil-construction.com,https://civil-construction.com/,YES,0,0
On-Site Concrete Recycling,rubblemaster.com,https://www.rubblemaster.com/us/materials/recycling,YES,0,0
World's first fully recycled concrete building,holcim.com,https://www.holcim.com/who-we-are/our-stories/fully-recycled-concrete-building,YES,0,0
Argent Materials,argentmaterials.com,https://argentmaterials.com/,YES,0,0
Concrete Recycling - Diligent Services,mydiligent.com,https://www.mydiligent.com/concrete-recycling/,YES,0,0
West Region,arcosacrushedconcrete.com,https://arcosacrushedconcrete.com/region/west/,YES,0,0
Recycled Materials - Asphalt Concrete,graniteconstruction.com,https://www.graniteconstruction.com/materials/recycled-materials,YES,0,0
