company_name,url
"Lucky's Concrete Austin",https://luckysconcreteaustin.com/?utm_source=google&utm_medium=local&utm_campaign=gbp
"MPI-Best Block",http://bestblock.com/
"Centex Materials LLC",https://www.centexmaterials.com/
"SRM Concrete",https://www.smyrnareadymix.com/
"Tex-Mix Concrete",https://www.tex-mixconcrete.com/
"ATX Ready Mix Concrete Delivery",https://atxreadymix.com/
"CCA Concrete Contractor",http://www.concretecontractoraustin.com/
"Garden Center at The Home Depot",https://www.homedepot.com/l/Slaughter-Lane/TX/Austin/78744/6563/garden-center?emt=GCGMBGoogleMaps
"The Home Depot",https://www.homedepot.com/l/Slaughter-Lane/TX/Austin/78744/6563?emt=MSGMBGoogleMaps
"Garden Center at The Home Depot",https://www.homedepot.com/l/Four-Points-W-Austin/TX/Austin/78726/8418/garden-center?emt=GCGMBGoogleMaps
"The Home Depot",https://www.homedepot.com/l/Four-Points/TX/Austin/78726/8418?emt=MSGMBGoogleMaps
"Lone Star Materials",https://lonestarmaterials.com/
"Walmart Supercenter",https://www.walmart.com/store/5317-austin-tx/?veh=seo_loc
"Austin Concrete Development LLC",http://www.ausconcrete.com/
"Lowe's Home Improvement",https://www.lowes.com/store/TX-Austin/2513?cm_mmc=lod-_-c-_-lcl-_-awr-_-yxt-_-go-_-2513-_-na-_-0-_-0&y_source=1_MTE4MzQ3OC03MTUtbG9jYXRpb24ud2Vic2l0ZQ%3D%3D
"Lowe's Home Improvement",https://www.lowes.com/store/TX-Austin/0689?cm_mmc=lod-_-c-_-lcl-_-awr-_-yxt-_-go-_-689-_-na-_-0-_-0&y_source=1_MTE4MzQ3Mi03MTUtbG9jYXRpb24ud2Vic2l0ZQ%3D%3D
"Garden Center at The Home Depot",https://www.homedepot.com/l/S-Austin/TX/Sunset-Valley/78745/6570/garden-center?emt=GCGMBGoogleMaps
"The Home Depot",https://www.homedepot.com/l/South-Austin/TX/Sunset-Valley/78745/6570?emt=MSGMBGoogleMaps
"Walmart Supercenter",https://www.walmart.com/store/2133-austin-tx/?veh=seo_loc
"TJ Concrete Contractors Austin",https://tjconcretecontractorsaustin.net/
"KB Concrete Construction",https://kbconcreteconstruct.com/
"Breed & Company",http://www.acehardware.com/
"AMLI Downtown",https://www.amli.com/apartments/austin/2nd-street-district-apartments/amli-downtown?switch_code=58696&utm_source=gmb&utm_medium=organic&utm_campaign=Downtown
"Cart-Away Supply",https://dallas.cart-awaysupply.com/
"Collins Concrete",http://www.collinsconcrete.com/
"Supreme Ready Mix LLC",https://www.facebook.com/SupremeReadyMixLLC/
"NorTex RediMix",https://nortex.squarespace.com/
"Big Town Concrete LLC",https://www.bt-concrete.com/
"Brothers ready mix",https://www.brothersreadymix.com/
"CowTown Redi Mix, Inc.",https://www.cowtownrm.com/?utm_source=GBP&utm_medium=gbp&utm_campaign=dallas
"Martin Marietta - Spangler Road Ready Mix",https://www.martinmarietta.com/locations/southwest/north-texas-ready-mix-district/spangler-road-ready-mix/
"Big D Ready Mix",https://www.bigdreadymix.com/
"Cretex Concrete Inc",https://cretexco.com/
ReadyMix,https://www.facebook.com/SupremeReadyMixLLC
"CAPA Concrete, Inc",https://capaconcrete.com/
"Big City Crushed Concrete Co",http://www.werockdallas.com/
"Dallas Ready Mix Concrete",https://www.readymixdallastx.com/
"American Concrete Products of Texas, LLC",https://www.amconco.com/
"Reliable Concrete",http://reliableconcretedallas.com/
"Martin Marietta - Corinth Ready Mix",https://www.martinmarietta.com/locations/southwest/north-texas-ready-mix-district/corinth-ready-mix/
"J Chavez Concrete LLC",https://jchavezconcretellc.com/
"Lucky's Concrete Dallas",http://luckysconcretedallas.com/?utm_source=google&utm_medium=local&utm_campaign=gbp
"Martin Marietta - Dallas Aggregate Yard and Sand Plant",https://www.martinmarietta.com/locations/southwest/north-texas-oklahoma-district/dallas-yard-and-sand-plant/
"Vulcan Materials Company",http://www.vulcanmaterials.com/
"Martin Marietta - Spangler CTM",https://www.martinmarietta.com/locations/southwest/ctm-district/ctm/
"Gartex Masonry Supply, Inc.",https://web.dallasbuilders.org/EXTERIOR-CLADDING/Gartex-Masonry-Supply-Inc-4972
"Garden Center at The Home Depot",https://www.homedepot.com/l/Forest-Lane/TX/Dallas/75243/598/garden-center?emt=GCGMBGoogleMaps
"The Home Depot",https://www.homedepot.com/l/Forest-Lane/TX/Dallas/75243/598?emt=MSGMBGoogleMaps
"Andy's Frozen Custard",https://locations.eatandys.com/ll/US/TX/Dallas/9655-Audelia-Road
"Ivey Lumber Sales",http://iveylumberdallas.com/
"Formaxx Concrete LLC",https://www.formaxxconcrete.com/
"U-Need Concrete & More",https://u-needconcrete.com/our-company/
"Argos South Central Cement",https://argostoliconcretecontractors.com/
"Heidelberg Materials, Concrete",https://www.heidelbergmaterials.us/?utm_source=gmb&utm_medium=website&utm_campaign=brand
"CEMEX Houston Ellington Concrete Plant",https://www.cemexusa.com/-/houston-ellington-ready-mix-concrete-plant?utm_source=gmb&utm_medium=organic&utm_campaign=USA_US_RMX_ACQ_UBERALL
"Concrete Pros Ready Mix",https://concreteprosreadymix.com/
"Alamo Cement",http://www.texaslehigh.com/
"Texan Concrete Ready Mix",http://texasconcretereadymix.com/
"Argos Ready Mix Mykawa",https://argos-us.com/locations/mykawa/
"Allied Concrete - Plant 8",https://alleytonresource.net/ready-mix-concrete/
"All Day Concrete Inc.",http://www.alldayconcreteinc.com/
"Rhino Ready Mix, LLC",http://www.rhinoreadymix.com/
"Metro Ready Mix",http://www.metroreadymix.net/
"Lopez Concrete Chipping",http://lopezconcretechipping.com/
Holcim,https://www.holcim.us/
"Southbelt Repair and Supply Inc.",http://www.southbeltinc.com/
"Southern Crushed Concrete LLC",http://scctx.com/
"ON-TIME CONCRETE READY MIX, LLC",https://www.facebook.com/OnTimeConcreteReadyMix
"Texcon Ready Mix HQ",http://texconreadymix.com/
"CEMEX Houston Rothwell Concrete Plant",https://www.cemexusa.com/-/houston-rothwell-ready-mix-concrete-plant?utm_source=gmb&utm_medium=organic&utm_campaign=USA_US_RMX_ACQ_UBERALL
"Crazy Horse Concrete",https://www.crazyhorseconcrete.com/
"Mako Concrete",https://www.makoconcrete.com/
"Argos Ready Mix, FULTON 1&2",https://argos-us.com/locations/fulton-12/?utm_source=google&utm_medium=organic&utm_campaign=gmb
"Texcon Ready Mix # 3",http://www.texconreadymix.com/
"CEMEX Humble Concrete Plant",https://www.cemexusa.com/-/humble-ready-mix-concrete-plant?utm_source=gmb&utm_medium=organic&utm_campaign=USA_US_RMX_ACQ_UBERALL
"Lucky's Concrete Houston",http://luckysconcretehouston.com/#contact?utm_source=google&utm_medium=local&utm_campaign=gbp
"CEMEX - Navigation Distribution Terminal",https://www.cemexusa.com/
"CEMEX Houston Englewood Concrete Plant",https://www.cemexusa.com/-/houston-englewood-ready-mix-concrete-plant?utm_source=gmb&utm_medium=organic&utm_campaign=USA_US_RMX_ACQ_UBERALL
"Pena's Concrete & Demolition, Inc.",https://penasconcrete.com/
"CEMEX Houston Cement Terminal",https://www.cemexusa.com/-/houston-cement-terminal?utm_source=gmb&utm_medium=organic&utm_campaign=USA_US_CEM_ACQ_UBERALL
"ARGOS USA LLC",http://www.argos-us.com/
"CEMEX Houston Holmes Concrete Plant",https://www.cemexusa.com/-/houston-holmes-ready-mix-concrete-plant?utm_source=gmb&utm_medium=organic&utm_campaign=USA_US_RMX_ACQ_UBERALL
"Texas Durarock LLC",https://www.txdurarock.com/
"Golden Stones Corporation",https://goldenstones.com/
"ACI-Houston Chapter",https://acihoustonchapter.org/
"Impressions in Concrete Inc",https://www.imprintconcrete.com/
"Argos Southern Star Concrete",https://argos-us.com/locations/renwick-12/?utm_source=google&utm_medium=organic&utm_campaign=gmb
"Concrete on Demand",http://www.concreteondemand.com/
"M Concrete",http://facebook.com/MConcrete1
G-Crete,http://g-crete.com/
"Alamo Cement Company",https://www.alamocement.com/
"Alamo Concrete Products (Corporate Office)",https://www.alamoconcrete.com/
"Texas Materials - Beckmann Ready Mix",https://www.texasmaterials.com/
"Ingram Readymix Inc",http://ingramreadymixinc.com/
"Ready Mix Concrete",https://satxreadymix.com/contact-us/
"CEMEX Downtown San Antonio Concrete Plant",https://www.cemexusa.com/-/downtown-san-antonio-ready-mix-concrete-plant?utm_source=gmb&utm_medium=organic&utm_campaign=USA_US_RMX_ACQ_UBERALL
"SATX Ready Mix & Concrete Delivery",https://satxreadymix.com/
"Alamo Concrete Products (Plant 3)",https://www.alamoconcrete.com/plants
"CEMEX San Antonio Grissom Concrete Plant",https://www.cemexusa.com/-/san-antonio-grissom-ready-mix-concrete-plant?utm_source=gmb&utm_medium=organic&utm_campaign=USA_US_RMX_ACQ_UBERALL
"San Antonio Concrete",https://www.sanantonioconcretecontractors.com/
"COWBOYS CONCRETE",http://www.cowboysconcrete.com/
"Affordable Concrete & Construction LLC",https://affordableconcretetexas.com/
"I-10 Building Materials",https://www.i10buildingmaterials.com/
"Precision Concrete Staining & Engraving",https://www.bulldogsflooring.com/
"Lucky's Concrete San Antonio",http://luckysconcretesanantonio.com/#contact?utm_source=google&utm_medium=local&utm_campaign=maingbp
"RL Concrete",https://www.rlconcretesa.com/about-us/
"Mr. Henry's Masonry & Stucco Supply, LLC",https://mhmss.com/
"RL Concrete",https://www.rlconcretesa.com/
"Linda Vista Concrete",http://www.lindavistaconcrete.com/
"MG Building Materials",http://www.mgbuildingmaterials.com/
"Vulcan Materials Company",https://www.vulcanmaterials.com/construction-materials/facilities/view/1604-asphalt
"Texas South Concrete Pumping",https://www.concretepumpers.com/content/texas-south-concrete-pumping-llc
"iConcrete Construction & Roofing San Antonio Texas",http://www.iconcretecs.com/
"Garden Center at The Home Depot",https://www.homedepot.com/l/SW-San-Antonio/TX/San-Antonio/78227/586/garden-center?emt=GCGMBGoogleMaps
"The Home Depot",https://www.homedepot.com/l/SW-San-Antonio/TX/San-Antonio/78227/586?emt=MSGMBGoogleMaps
"Morrell Masonry Supply",http://morrellmasonry.com/
"Lowe's Home Improvement",https://www.lowes.com/store/TX-San-Antonio/1504?cm_mmc=lod-_-c-_-lcl-_-awr-_-yxt-_-go-_-1504-_-na-_-0-_-0&y_source=1_MTE4Mjg0OS03MTUtbG9jYXRpb24ud2Vic2l0ZQ%3D%3D
"SATX Concrete Contractors",https://www.satxconcretecontractors.com/
"RS COWBOY'S CONSTRUCTION LLC",http://rscowboysconstruction.com/
"Xpert Foundation Repair",http://xpertfoundationrepair.com/?utm_source=Google&utm_medium=Organic&utm_campaign=GBP
"G.L. Hunt Foundation Repair",https://glhunt.com/location/san-antonio-tx/?utm_source=google&utm_medium=organic&utm_campaign=gbp
"De La Garza Fence & Supply Co",http://www.delagarzafence.com/
"Jobe Materials",https://www.jobematerials.com/
"GCC Readymix",http://www.gccreadymix.com/
"El Paso Concrete Systems Inc",http://www.concrete-sys.com/
"MTI Ready Mix",http://www.mtireadymix.com/
GCC,http://www.gccusa.com/
"Lucky's Concrete El Paso",http://luckysconcreteelpaso.com/?utm_source=google&utm_medium=local&utm_campaign=gbp
"Sunset View Construction",http://sunsetviewconcrete.com/
"Sam The Concrete Man El Paso",https://el-paso.samtheconcreteman.com/
"GCC Alabama Material Center",http://www.gcc.com/
"S & S Stone Works",http://centurionstone.com/
"Allen Concrete Dirt & Paving",http://www.allenconcreteinc.com/
"Lowe's Home Improvement",https://www.lowes.com/store/TX-El-Paso/1137?cm_mmc=lod-_-c-_-lcl-_-awr-_-yxt-_-go-_-1137-_-na-_-0-_-0&y_source=1_MTE4NDM4OC03MTUtbG9jYXRpb24ud2Vic2l0ZQ%3D%3D
"El Paso Concrete Masters",https://www.elpasoconcrete.co/
"Walmart Supercenter",https://www.walmart.com/store/3763-el-paso-tx/?veh=seo_loc
"Lowe's Home Improvement",https://www.lowes.com/store/TX-El-Paso/2928?cm_mmc=lod-_-c-_-lcl-_-awr-_-yxt-_-go-_-2928-_-na-_-0-_-0&y_source=1_MTE4NDM4NS03MTUtbG9jYXRpb24ud2Vic2l0ZQ%3D%3D
"Ace Hardware of El Paso",http://www.acehardware.com/store-details/14340?utm_source=google&utm_medium=local&utm_campaign=localmaps&utm_content=14340
"Heroes Roofing & Construction LLC",https://www.heroeseptx.com/book-appointment
"Western Precast Concrete Inc",https://www.westernprecast.com/
"The Home Depot",https://www.homedepot.com/l/East-El-Paso/TX/El-Paso/79938/8523?emt=MSGMBGoogleMaps
"The Home Depot",https://www.homedepot.com/l/El-Paso/TX/El-Paso/79936/522?emt=MSGMBGoogleMaps
"Garden Center at The Home Depot",https://www.homedepot.com/l/El-Paso/TX/El-Paso/79936/522/garden-center?emt=GCGMBGoogleMaps
"So-Lo Hardware",https://solohardware.shop/
"FN Decorative Concrete, LLC",https://fndecorativeconcrete.com/?utm_source=gmb&utm_medium=organic&utm_campaign=elpaso
"Walmart Supercenter",https://www.walmart.com/store/2201-el-paso-tx/?veh=seo_loc
"Walmart Supercenter",https://www.walmart.com/store/500-el-paso-tx/?veh=seo_loc
"Walmart Supercenter",https://www.walmart.com/store/512-el-paso-tx/?veh=seo_loc
"Tractor Supply Co.",https://www.tractorsupply.com/tsc/store_Elpaso-TX-79927_1566?utm_source=localgmblisting&utm_medium=organic
"Walmart Supercenter",https://www.walmart.com/store/964-el-paso-tx/?veh=seo_loc
"Lowe's Home Improvement",https://www.lowes.com/store/TX-El-Paso/1146?cm_mmc=lod-_-c-_-lcl-_-awr-_-yxt-_-go-_-1146-_-na-_-0-_-0&y_source=1_MTE4NDM4Ny03MTUtbG9jYXRpb24ud2Vic2l0ZQ%3D%3D
"H&H Concrete On Demand Inc",http://www.handhconcreteondemand.com/
"Martin Marietta - Euless Ready Mix",https://www.martinmarietta.com/locations/southwest/north-texas-ready-mix-district/euless-ready-mix/
"Luckyâ€™s Concrete Fort Worth",https://luckysconcretefortworth.com/?utm_source=google&utm_medium=local&utm_campaign=gbp
"Wise Ready Mix Concrete Company",http://www.wisereadymix.com/
"Martin Marietta - Hemphill Ready Mix",https://www.martinmarietta.com/locations/southwest/north-texas-ready-mix-district/hemphill-ready-mix/
"CowTown Redi-Mix, Inc",https://www.cowtownrm.com/?utm_source=GBP&utm_medium=gbp&utm_campaign=fort-worth
"Martin Marietta - Lawnwood Ready Mix",https://www.martinmarietta.com/locations/southwest/north-texas-ready-mix-district/lawnwood-ready-mix/
"Wildcatter Redi Mix LLC",https://wildcatterco.com/
"All-Star Concrete",https://all-starconcrete.com/
"Texas Materials - South Fort Worth Plant",https://texasmaterials.com/
"Lowe's Home Improvement",https://www.lowes.com/store/TX-Burleson/0514?cm_mmc=lod-_-c-_-lcl-_-awr-_-yxt-_-go-_-514-_-na-_-0-_-0&y_source=1_MTE4NDE1Mi03MTUtbG9jYXRpb24ud2Vic2l0ZQ%3D%3D
"AAA Concrete Solutions",http://www.aaaconcretesolutions.com/
"Barnsco Texas-Ft. Worth",https://barnsco.com/?utm_source=google&utm_medium=organic&utm_campaign=ftworth
"moralesgeneralconstruction tonylopez",http://morales-general-construction.ueniweb.com/
"Builders Equipment & Supply Co",https://www.bescosupply.net/
"The Home Depot",https://www.homedepot.com/l/White-Settlement/TX/White-Settlement/76108/8521
"Garden Center at The Home Depot",https://www.homedepot.com/l/White-Settlement/TX/White-Settlement/76108/8521/garden-center?emt=GCGMBGoogleMaps
"Walmart Supercenter",https://www.walmart.com/store/3773-fort-worth-tx/?veh=seo_loc
"Longhorn Concrete Mixer Supply",http://www.fortworthtruckparts.com/Longhorn
"Jackson Construction Ltd.",http://www.jacksontx.net/
"Whiz-Q Stone",http://www.whiz-q.com/
"FX Concrete LLC",https://www.fxconcrete.com/
"Garden Center at The Home Depot",https://www.homedepot.com/l/N-Fort-Worth/TX/Fort-Worth/76137/6814/garden-center?emt=GCGMBGoogleMaps
"Westlake Ace Hardware",https://www.westlakehardware.com/about/store-locator/locations-by-state/texas/83/
"The Home Depot",https://www.homedepot.com/l/N-Fort-Worth/TX/Fort-Worth/76137/6814?emt=MSGMBGoogleMaps
"Garden Center at The Home Depot",https://www.homedepot.com/l/S-Fort-Worth/TX/Fort-Worth/76134/529/garden-center?emt=GCGMBGoogleMaps
"Hulen Ace-66 Hardware",http://www.acehardware.com/store-details/15229?utm_source=google&utm_medium=local&utm_campaign=localmaps&utm_content=15229
"The Home Depot",https://www.homedepot.com/l/South-Fort-Worth/TX/Fort-Worth/76134/529?emt=MSGMBGoogleMaps
"Sherwin-Williams Paint Store",https://www.sherwin-williams.com/store-locator/paint-store/ft-worth/tx/707027?utm_source=google&utm_medium=local_listing&utm_campaign=tag_local_listing
"Morales General Construction",https://morales-general-construction.ueniweb.com/?utm_campaign=gmb
"Walmart Supercenter",https://www.walmart.com/store/2978-fort-worth-tx/?veh=seo_loc
"Guardado Garden Center",http://www.guardadogardencenter.com/
"Arcadia Trail Park",http://fortworthtexas.gov/parks/
"The Shores Apartments",http://www.globecorpuschristiapartments.com/
"Walmart Supercenter",https://www.walmart.com/store/464-corpus-christi-tx/?veh=seo_loc
"Western Auto",http://www.acecommercial.org/?utm_source=google&utm_medium=local&utm_campaign=localmaps&utm_content=08970
"The Home Depot",https://www.homedepot.com/l/Five-Point/TX/Corpus-Christi/78410/6564?emt=MSGMBGoogleMaps
"Garden Center at The Home Depot",https://www.homedepot.com/l/Five-Point/TX/Corpus-Christi/78410/6564/garden-center?emt=GCGMBGoogleMaps
"Lowe's Home Improvement",https://www.lowes.com/store/TX-Corpus-Christi/1825?cm_mmc=lod-_-c-_-lcl-_-awr-_-yxt-_-go-_-1825-_-na-_-0-_-0&y_source=1_MTE4MzIyMC03MTUtbG9jYXRpb24ud2Vic2l0ZQ%3D%3D
"Express Ready Mix",http://expressreadymix.com/
"Lucky's Concrete Corpus Christi",http://luckysconcretecorpus.com/?utm_source=google&utm_medium=local&utm_campaign=gbp
"Quality Ready Mix",https://qualityreadymixtx.com/
"Sarmiento Concrete LLC",https://sarmiento-concrete.ueniweb.com/
"Quality Ready Mix",http://www.qualityreadymixtx.com/
"Ace Asphalt & Concrete",http://aceasphalttx.com/
"Ace Hardware North Padre",http://www.acehardware.com/store-details/17532?utm_source=google&utm_medium=local&utm_campaign=localmaps&utm_content=17532
"D&C Concrete Cutting Inc",http://www.dcconcretecutting.net/
"Martin Marietta - Corpus Christi Yard",https://www.martinmarietta.com/locations/southwest/central-texas-district/corpus-christi-yard
"MG Building Materials",https://www.mgbuildingmaterials.com/
"Corpus Christi Concrete Paving",https://www.corpuschristitxconcrete.com/
"Brundage-Bone Concrete Pumping",https://brundagebone.com/
"806 Concrete Patio & Driveway Lubbock",https://806lubbockconcrete.com/
"Lubbock Concrete",https://www.concretelubbocktxpros.com/
"JST Concrete",https://jstconcretetx.com/contact/
"KC Kingdom Concrete, LLC",http://kckingdomconcretellc.com/
"PB Materials Ready Mix Plant - Arm Lubbock",https://pb-materials.com/
"Triple C Concrete",http://triplecconcreteoflubbock.com/
"Hard Asa Rock Concrete Llc",https://hardasarockconcrete.com/
"Martin Marietta - Lubbock Ready Mix",https://www.martinmarietta.com/locations/southwest/mobile-industrial-solutions/lubbock-ready-mix
"FDZ Concrete",https://fdzconcrete.com/contact/
"Concrete Contractors",https://lubbockconcretecontractortx.com/about-us/
"Lubbock Concrete Coating",https://www.lubbockconcretecoating.com/
"Reyes Concrete",https://concretecontractorlubbock.com/
"Materiales Rio Grande",https://www.materiales-riogrande.com/
"Builders FirstSource",https://www.bldr.com/contact/request-quote?utm_source=yext&utm_medium=listing&utm_campaign=requestquote&utm_content=MCALTXYD
"Zarsky Lumber Co.",https://www.zarsky.com/?utm_source=google&utm_medium=organic&utm_campaign=mcallen&utm_id=2060digital
"Mcallen Concrete Professionals",http://mcallenconcreteprofessionals.com/
"Walmart Supercenter",https://www.walmart.com/store/397-mcallen-tx/?veh=seo_loc
"Garden Center at The Home Depot",https://www.homedepot.com/l/McAllen/TX/Pharr/78577/506/garden-center?emt=GCGMBGoogleMaps
"Pro Desk at The Home Depot",https://www.homedepot.com/l/Mcallen/TX/Pharr/78577/506/pro-desk?emt=PROGMBGoogleMaps
"The Home Depot",https://www.homedepot.com/l/Mcallen/TX/Pharr/78577/506?emt=MSGMBGoogleMaps
"UniFirst Uniform Services - McAllen",https://unifirst.com/contact/locations/tx/mcallen/?utm_source=local-gbp&utm_medium=organic&utm_campaign=McAllenTX
"Lowe's Home Improvement",https://www.lowes.com/store/TX-Mcallen/2656?cm_mmc=lod-_-c-_-lcl-_-awr-_-yxt-_-go-_-2656-_-na-_-0-_-0&y_source=1_MTE4NDQ5Ny03MTUtbG9jYXRpb24ud2Vic2l0ZQ%3D%3D
"The Home Depot",https://www.homedepot.com/l/N-Mcallen/TX/Mcallen/78504/516?emt=MSGMBGoogleMaps
"Garden Center at The Home Depot",https://www.homedepot.com/l/N-McAllen/TX/McAllen/78504/516/garden-center?emt=GCGMBGoogleMaps
"Walmart Supercenter",https://www.walmart.com/store/452-mcallen-tx/?veh=seo_loc
"Lowe's Home Improvement",https://www.lowes.com/store/TX-Abilene/0138?cm_mmc=lod-_-c-_-lcl-_-awr-_-yxt-_-go-_-138-_-na-_-0-_-0&y_source=1_MTE4MzEzOS03MTUtbG9jYXRpb24ud2Vic2l0ZQ%3D%3D
"Abilene Concrete Pros",https://www.concreteabilenetexas.com/
"Lowe's Home Improvement",https://www.lowes.com/store/TX-Abilene/2719?cm_mmc=lod-_-c-_-lcl-_-awr-_-yxt-_-go-_-2719-_-na-_-0-_-0&y_source=1_MTE4MzEzOC03MTUtbG9jYXRpb24ud2Vic2l0ZQ%3D%3D
"Bible Hardware",http://www.acehardware.com/store-details/18155?utm_source=google&utm_medium=local&utm_campaign=localmaps&utm_content=18155
"The Home Depot",https://www.homedepot.com/l/Abilene/TX/Abilene/79606/6583?emt=MSGMBGoogleMaps
"Garden Center at The Home Depot",https://www.homedepot.com/l/Abilene/TX/Abilene/79606/6583/garden-center?emt=GCGMBGoogleMaps
"Tractor Supply Co.",https://www.tractorsupply.com/tsc/store_Abilene-TX-79606_575?utm_source=localgmblisting&utm_medium=organic
"Torres Construction Company",http://www.torresconstructioncompany.com/
